Max,MAX.MUSTERMANN@EXAMPLE.COM,$2A$10$KLZ3B9LQ1U4I7T7PFCZG2UQ5HA5DHH4UH1/5MRLCZJ0Z7K.S8RQXG,100.00
Anna,ANNA.SCHMIDT@EXAMPLE.COM,$2A$10$VRTTXBQH6GIQZ4GRJOM0CFJK68J9TQXD9N9QLDD8WOUI9CN1PMG0E,200.00
John,JOHN.DOE@EXAMPLE.COM,$2A$10$8R9V1AH0FG1K8HXGMRAMK02DPBX9WJCVAH02Z2M7ON5UPQUUYYFZPO,50.00
Jane,JANE.DOE@EXAMPLE.COM,$2A$10$5H1E8YQPYJLMW5OXYQMIHO5YP2I9FKFXSO5DLUGW91L6JE6Z4KPCO,75.00
Alice,ALICE.MÜLLER@EXAMPLE.COM,$2A$10$VRJTGBQH6GIQZ4GRJOM0CFJK68J9TQXD9N9QLDD8WOUIN1CNMPG0E,150.00
Bob,BOB.MEIER@EXAMPLE.COM,$2A$10$VRJTGBQH6GIQZ4GRJOM0CFJK68J9TQXD9N9QLDD8WOUIN1CNMPG0E,200.00
Charlie,CHARLIE.SCHNEIDER@EXAMPLE.COM,$2A$10$VRTTXBQH6GIQZ4GRJOM0CFJK68J9TQXD9N9QLDD8WOUIN1CNMPG0E,250.00
David,DAVID.FISCHER@EXAMPLE.COM,$2A$10$VRTTXBQH6GIQZ4GRJOM0CFJK68J9TQXD9N9QLDD8WOUIN1CNMPG0E,300.00
Eva,EVA.WEBER@EXAMPLE.COM,$2A$10$VRTTXBQH6GIQZ4GRJOM0CFJK68J9TQXD9N9QLDD8WOUIN1CNMPG0E,350.00
Frank,FRANK.ZIMMERMANN@EXAMPLE.COM,$2A$10$VRTTXBQH6GIQZ4GRJOM0CFJK68J9TQXD9N9QLDD8WOUIN1CNMPG0E,400.00
Grace,GRACE.KLEIN@EXAMPLE.COM,$2A$10$VRTTXBQH6GIQZ4GRJOM0CFJK68J9TQXD9N9QLDD8WOUIN1CNMPG0E,450.00
Hannah,HANNAH.BAUER@EXAMPLE.COM,$2A$10$VRTTXBQH6GIQZ4GRJOM0CFJK68J9TQXD9N9QLDD8WOUIN1CNMPG0E,500.00
Ian,IAN.WAGNER@EXAMPLE.COM,$2A$10$VRTTXBQH6GIQZ4GRJOM0CFJK68J9TQXD9N9QLDD8WOUIN1CNMPG0E,550.00
Julia,JULIA.HOFFMANN@EXAMPLE.COM,$2A$10$VRTTXBQH6GIQZ4GRJOM0CFJK68J9TQXD9N9QLDD8WOUIN1CNMPG0E,600.00
Klaus,KLAUS.SCHULZ@EXAMPLE.COM,$2A$10$VRTTXBQH6GIQZ4GRJOM0CFJK68J9TQXD9N9QLDD8WOUIN1CNMPG0E,650.00
Laura,LAURA.BRAUN@EXAMPLE.COM,$2A$10$VRTTXBQH6GIQZ4GRJOM0CFJK68J9TQXD9N9QLDD8WOUIN1CNMPG0E,700.00
Michaela,MICHAELA.RICHTER@EXAMPLE.COM,$2A$10$VRTTXBQH6GIQZ4GRJOM0CFJK68J9TQXD9N9QLDD8WOUIN1CNMPG0E,750.00
Nico,NICO.KOCH@EXAMPLE.COM,$2A$10$VRTTXBQH6GIQZ4GRJOM0CFJK68J9TQXD9N9QLDD8WOUIN1CNMPG0E,800.00
Olivia,OLIVIA.LANGE@EXAMPLE.COM,$2A$10$VRTTXBQH6GIQZ4GRJOM0CFJK68J9TQXD9N9QLDD8WOUIN1CNMPG0E,850.00
Paul,PAUL.SCHMITT@EXAMPLE.COM,$2A$10$VRTTXBQH6GIQZ4GRJOM0CFJK68J9TQXD9N9QLDD8WOUIN1CNMPG0E,900.00
Quentin,QUENTIN.JAEGER@EXAMPLE.COM,$2A$10$VRTTXBQH6GIQZ4GRJOM0CFJK68J9TQXD9N9QLDD8WOUIN1CNMPG0E,950.00
Ruth,RUTH.PETERS@EXAMPLE.COM,$2A$10$VRTTXBQH6GIQZ4GRJOM0CFJK68J9TQXD9N9QLDD8WOUIN1CNMPG0E,1000.00
Stefan,STEFAN.WOLF@EXAMPLE.COM,$2A$10$VRTTXBQH6GIQZ4GRJOM0CFJK68J9TQXD9N9QLDD8WOUIN1CNMPG0E,1050.00
Tina,TINA.SCHOLZ@EXAMPLE.COM,$2A$10$VRTTXBQH6GIQZ4GRJOM0CFJK68J9TQXD9N9QLDD8WOUIN1CNMPG0E,1100.00
Ulrike,ULRIKE.HARTMANN@EXAMPLE.COM,$2A$10$VRTTXBQH6GIQZ4GRJOM0CFJK68J9TQXD9N9QLDD8WOUIN1CNMPG0E,1150.00
Victor,VICTOR.STEINER@EXAMPLE.COM,$2A$10$VRTTXBQH6GIQZ4GRJOM0CFJK68J9TQXD9N9QLDD8WOUIN1CNMPG0E,1200.00
Wendy,WENDY.KRAUSE@EXAMPLE.COM,$2A$10$VRTTXBQH6GIQZ4GRJOM0CFJK68J9TQXD9N9QLDD8WOUIN1CNMPG0E,1250.00
Xander,XANDER.SCHWARZ@EXAMPLE.COM,$2A$10$VRTTXBQH6GIQZ4GRJOM0CFJK68J9TQXD9N9QLDD8WOUIN1CNMPG0E,1300.00
Yvonne,YVONNE.BECKER@EXAMPLE.COM,$2A$10$VRTTXBQH6GIQZ4GRJOM0CFJK68J9TQXD9N9QLDD8WOUIN1CNMPG0E,1350.00
Zoe,ZOË.NEUMANN@EXAMPLE.COM,$2A$10$VRTTXBQH6GIQZ4GRJOM0CFJK68J9TQXD9N9QLDD8WOUIN1CNMPG0E,1400.00
Maximus,MAXIMUS.HERZOG@EXAMPLE.COM,$2A$10$VRTTXBQH6GIQZ4GRJOM0CFJK68J9TQXD9N9QLDD8WOUIN1CNMPG0E,1450.00
Elena,ELENA.KRAUS@EXAMPLE.COM,$2A$10$VRTTXBQH6GIQZ4GRJOM0CFJK68J9TQXD9N9QLDD8WOUIN1CNMPG0E,1500.00
Sophia,SOPHIA.BOHR@EXAMPLE.COM,$2A$10$VRTTXBQH6GIQZ4GRJOM0CFJK68J9TQXD9N9QLDD8WOUIN1CNMPG0E,1550.00
Luca,LUCA.ROSSI@EXAMPLE.COM,$2A$10$VRTTXBQH6GIQZ4GRJOM0CFJK68J9TQXD9N9QLDD8WOUIN1CNMPG0E,1600.00
Maya,MAYA.PARKER@EXAMPLE.COM,$2A$10$VRTTXBQH6GIQZ4GRJOM0CFJK68J9TQXD9N9QLDD8WOUIN1CNMPG0E,1650.00
Ethan,ETHAN.HENDERSON@EXAMPLE.COM,$2A$10$VRTTXBQH6GIQZ4GRJOM0CFJK68J9TQXD9N9QLDD8WOUIN1CNMPG0E,1700.00
Carla,CARLA.DAVIS@EXAMPLE.COM,$2A$10$VRTTXBQH6GIQZ4GRJOM0CFJK68J9TQXD9N9QLDD8WOUIN1CNMPG0E,1750.00
Nina,NINA.MORRIS@EXAMPLE.COM,$2A$10$VRTTXBQH6GIQZ4GRJOM0CFJK68J9TQXD9N9QLDD8WOUIN1CNMPG0E,1800.00
Lucas,LUCAS.MOORE@EXAMPLE.COM,$2A$10$VRTTXBQH6GIQZ4GRJOM0CFJK68J9TQXD9N9QLDD8WOUIN1CNMPG0E,1850.00
Sarah,SARAH.KIM@EXAMPLE.COM,$2A$10$VRTTXBQH6GIQZ4GRJOM0CFJK68J9TQXD9N9QLDD8WOUIN1CNMPG0E,1900.00
Zara,ZARA.GREEN@EXAMPLE.COM,$2A$10$VRTTXBQH6GIQZ4GRJOM0CFJK68J9TQXD9N9QLDD8WOUIN1CNMPG0E,1950.00
Oliver,OLIVER.WHITAKER@EXAMPLE.COM,$2A$10$VRTTXBQH6GIQZ4GRJOM0CFJK68J9TQXD9N9QLDD8WOUIN1CNMPG0E,2000.00
Bella,BELLA.COX@EXAMPLE.COM,$2A$10$VRTTXBQH6GIQZ4GRJOM0CFJK68J9TQXD9N9QLDD8WOUIN1CNMPG0E,2050.00
Jack,JACK.MARTIN@EXAMPLE.COM,$2A$10$VRTTXBQH6GIQZ4GRJOM0CFJK68J9TQXD9N9QLDD8WOUIN1CNMPG0E,2100.00
Ava,AVA.TAYLOR@EXAMPLE.COM,$2A$10$VRTTXBQH6GIQZ4GRJOM0CFJK68J9TQXD9N9QLDD8WOUIN1CNMPG0E,2150.00
Leo,LEO.SIMON@EXAMPLE.COM,$2A$10$VRTTXBQH6GIQZ4GRJOM0CFJK68J9TQXD9N9QLDD8WOUIN1CNMPG0E,2200.00
Emily,EMILY.RUSSELL@EXAMPLE.COM,$2A$10$VRTTXBQH6GIQZ4GRJOM0CFJK68J9TQXD9N9QLDD8WOUIN1CNMPG0E,2250.00
James,JAMES.JAMESON@EXAMPLE.COM,$2A$10$VRTTXBQH6GIQZ4GRJOM0CFJK68J9TQXD9N9QLDD8WOUIN1CNMPG0E,2300.00
Ella,ELLA.PARK@EXAMPLE.COM,$2A$10$VRTTXBQH6GIQZ4GRJOM0CFJK68J9TQXD9N9QLDD8WOUIN1CNMPG0E,2350.00
Mason,MASON.JAMES@EXAMPLE.COM,$2A$10$VRTTXBQH6GIQZ4GRJOM0CFJK68J9TQXD9N9QLDD8WOUIN1CNMPG0E,2400.00